OBJECTID,CELLCODE,EOFORIGIN,NOFORIGIN,ORIG_FID,x,y
242,1kmE4743N4067,4743000,4067000,241,17.46025472,59.50829118
